keys,en,fr,es
%%PAUSEPAGE_QUITGAME,Quit game,Quitter le jeu,
%%PAUSEPAGE_RETURNMENU,Return to menu,Retour au menu,
%%PAUSEPAGE_RESUMEGAME,Resume game,Retour au jeu,
%%KM_SAVEKEYCHANGE,Save changes,Sauvegarder les changements,
%%KM_TITLE,Input configuration,Configuration des touches,
%%KM_RESET,Default layout,Touches par défaut,
%%KM_SEARCH,Search for an action…,Rechercher une action…,
%%ERR_BACKTOMENU,BACK TO MENU,RETOUR AU MENU,
%%ERR_NUM_1337,ERROR 1337,ERREUR 1337,
%%ERR_NUM_1337_MSG,SERVER CONNECTION FAILED,ÉCHEC DE CONNEXION AU SERVEUR,
%%MAINPAGE_ENTER,Enter Universe,Entrer dans l'Univers,
%%MENU_LANGUAGE,Language,Langue,
%%MENU_UI_SCALE,Interface size,Taille de l'interface,
%%MENU_LANGUAGE_AUTO,Automatic,Automatique,
%%MENU_ON,On,Activé,
%%MENU_OFF,Off,Désactivé,
%%MENU_SETTINGS,Settings,Paramètres,
%%MENU_QUIT,Quit,Quitter,
%%MENU_CAT_GENERAL,General,Général,
%%MENU_CAT_GRAPHICS,Graphics,Graphismes,
%%MENU_CAT_AUDIO,Audio,Audio,
%%MENU_CAT_CONTROLS,Controls,Contrôles,
%%MENU_CAT_DEBUG,Debug,Debug,
%%MENU_CAT_CREDITS,Credits,Crédits,
%%MENU_CREDITS_THANKS,"DyingStar is made by its community. Thank you to everyone who lent their music, sounds, models and textures.","DyingStar est fait par sa communauté. Merci à toutes celles et ceux qui ont prêté leurs musiques, sons, modèles et textures.",
%%MENU_CREDITS_SECTION_MUSIC,Music,Musiques,
%%MENU_CREDITS_SECTION_SFX,Sound effects,Effets sonores,
%%MENU_CREDITS_SECTION_MODELS,Models and textures,Modèles et textures,
%%MENU_CREDITS_OWNER_WANTED,Owner wanted — contact us on Discord,Propriétaire recherché — contacte-nous sur Discord,
%%MENU_CREDITS_LISTEN,Listen,Écouter,
%%MENU_CREDITS_STOP,Stop,Arrêter,
%%MENU_SHOW_DEBUG,Show debug panels (in-game - default Alt+²),Panneaux de débogage (en jeu - Alt+² par défaut),
%%MENU_CARGO_DEBUG,Cargo debug (green envelope on locked items),Débogage du fret (enveloppe verte sur les objets arrimés),
%%MENU_CELESTIAL_MARKERS,Celestial markers (star / planets / moons / stations),Repères célestes (étoile / planètes / lunes / stations),
%%MENU_SURFACE_DEBUG,Surface debug (ground family / how it was found),Débogage du sol (famille de surface / méthode de détection),
%%MENU_MUSIC_DEBUG,Music debug (track / playlist / rule that chose it),Débogage de la musique (morceau / playlist / règle qui l'a choisi),
%%MENU_STAR_MAP_DEBUG,Star map debug (bodies / zoom / relief tiles),Débogage de la carte stellaire (corps / zoom / tuiles de relief),
%%MENU_VEHICLE_HUD,Vehicle dashboard (speed / rpm / weight / bays),Tableau de bord du véhicule (vitesse / tr-min / poids / baies),
%%MENU_MOVEMENT_DEBUG,Movement debug (speed / wheel / animation),Débogage du déplacement (vitesse / molette / animation),
%%MENU_MONITOR,Monitor,Écran,
%%MENU_MONITOR_N,Monitor %d,Écran %d,
%%MENU_DISPLAY_MODE,Display Mode,Mode d'affichage,
%%MENU_FULLSCREEN,Fullscreen,Plein écran,
%%MENU_WINDOWED,Windowed,Fenêtré,
%%MENU_RESOLUTION,Screen Resolution,Résolution d'écran,
%%MENU_VSYNC,V-Sync,Synchronisation verticale,
%%MENU_SHADOWS,Shadows,Ombres,
%%MENU_SHADOW_DISTANCE,Shadow Distance,Distance des ombres,
%%MENU_DEV_MODE,Dev mode (ignore resolution/fullscreen),Mode dev (ignorer la résolution / le plein écran),
%%MENU_FPS_LIMIT,FPS Limit,Limite de FPS,
%%MENU_FPS_UNLIMITED,Unlimited,Illimité,
%%MENU_FOV,Field of View,Champ de vision,
%%MENU_RES_CONFIRM_TITLE,Resolution,Résolution,
%%MENU_RES_KEEP,Keep,Garder,
%%MENU_RES_REVERT,Revert,Revenir,
%%MENU_RES_CONFIRM,"Keep this resolution?
Reverting automatically in %d s.","Garder cette résolution ?
Retour automatique dans %d s.",
%%MENU_AUDIO_SECTION_VOLUME,Volume,Volume,
%%MENU_AUDIO_SECTION_DEVICES,Devices,Périphériques,
%%MENU_AUDIO_SECTION_TEST,Test,Test,
%%MENU_AUDIO_GENERAL,General,Général,
%%MENU_AUDIO_MUSIC,Music,Musique,
%%MENU_AUDIO_MENU_MUSIC,Menu music,Musique du menu,
%%MENU_AUDIO_SFX,SFX,Effets,
%%MENU_AUDIO_VOIP,VoIP,VoIP,
%%MENU_AUDIO_UI,Interface,Interface,
%%MENU_AUDIO_MIC,Microphone (device),Microphone (périphérique),
%%MENU_AUDIO_SPEAKER,Speaker (device),Haut-parleur (périphérique),
%%MENU_AUDIO_TEST_MIC,Testing microphone,Test du microphone,
%%MENU_AUDIO_TEST,Test,Tester,
%%MENU_AUDIO_TEST_SPEAKER,Testing speaker,Test du haut-parleur,
%%MENU_LOADING,Loading the Universe...,Chargement de l'Univers...,
%%HUD_SPAWNING,Spawning...,Apparition...,
%%ACT_MOVE_FORWARD,Move forward,Avancer,
%%ACT_MOVE_BACK,Move back,Reculer,
%%ACT_MOVE_LEFT,Strafe left,Pas sur la gauche,
%%ACT_MOVE_RIGHT,Strafe right,Pas sur la droite,
%%ACT_LOOK_LEFT,Look left (stick),Regarder à gauche (stick),
%%ACT_LOOK_RIGHT,Look right (stick),Regarder à droite (stick),
%%ACT_LOOK_UP,Look up (stick),Regarder en haut (stick),
%%ACT_LOOK_DOWN,Look down (stick),Regarder en bas (stick),
%%ACT_JUMP,Jump / Vault,Sauter / Franchir,
%%ACT_CROUCH,Crouch,S'accroupir,
%%ACT_PRONE,Go prone,S'allonger,
%%ACT_SPRINT,Sprint,Sprinter,
%%ACT_PAUSE,Pause menu,Menu pause,
%%ACT_ACTION,Interact (doors / objects / seats),Interagir (portes / objets / sièges),
%%ACT_INTERACT,Use device,Utiliser un dispositif,
%%ACT_SPAWN_WHEEL,Spawn wheel (dev),Roue d'apparition (dev),
%%ACT_EMOTE_WHEEL,Emote wheel,Roue d'émotes,
%%ACT_TOGGLE_CHAT,Show / hide chat,Afficher / masquer le chat,
%%ACT_WRITE_IN_CHAT,Write in chat,Écrire dans le chat,
%%ACT_TOGGLE_SPEAKER,Mute / unmute all game sound,Couper / rétablir tout le son du jeu,
%%ACT_TOGGLE_MICROPHONE,Mute / unmute your microphone,Couper / rétablir votre micro,
%%ACT_GOD_MODE,God mode (dev),Mode Dieu (dev),
%%ACT_GOD_MODE_LAND,God mode: land (dev),Mode Dieu : se poser (dev),
%%ACT_STRAFE_UP,EVA: move up,EVA : monter,
%%ACT_STRAFE_DOWN,EVA: move down,EVA : descendre,
%%ACT_ROLL_LEFT,EVA: roll left,EVA : rouler à gauche,
%%ACT_ROLL_RIGHT,EVA: roll right,EVA : rouler à droite,
%%ACT_EVA_STABILIZE,EVA: brake (stabilize),EVA : freiner (stabiliser),
%%HUD_DEV_CLOCK_WARNING,Dev clock %+.1f h — this client no longer matches the server: stations and frame changes will not line up,Horloge de dev %+.1f h — ce client ne correspond plus au serveur : stations et changements de repère ne coïncident plus,
%%ACT_EXIT,Leave seat,Quitter le siège,
%%ACT_TOGGLE_FLASHLIGHT,Flashlight,Lampe torche,
%%ACT_VEHICLE_RESET,Flip vehicle upright,Redresser le véhicule,
%%ACT_VEHICLE_LIGHTS,Vehicle headlights,Phares du véhicule,
%%ACT_VEHICLE_SPEED_LIMITER,Speed limiter on/off,Limiteur de vitesse marche/arrêt,
%%ACT_VEHICLE_LIMITER_UP,Speed limit +5 km/h,Limite de vitesse +5 km/h,
%%ACT_VEHICLE_LIMITER_DOWN,Speed limit -5 km/h,Limite de vitesse -5 km/h,
%%ACT_CARRY_ROTATE_CW,Turn held object right,Tourner l'objet porté à droite,
%%ACT_CARRY_ROTATE_CCW,Turn held object left,Tourner l'objet porté à gauche,
%%ACT_CARRY_FREE_ROTATE,Free-turn held object,Rotation libre de l'objet porté,
%%ACT_WALK_SPEED_UP,Walk faster,Marcher plus vite,
%%ACT_WALK_SPEED_DOWN,Walk slower,Marcher moins vite,
%%ACT_VEHICLE_HORN,Horn,Klaxon,
%%ACT_VEHICLE_HORN_SPECIAL,Special horn,Klaxon spécial,
%%ACT_VEHICLE_ACCELERATE,Accelerate,Accélérer,
%%ACT_VEHICLE_DECELERATE,Slow down / reverse,Ralentir / reculer,
%%ACT_VEHICLE_IGNITION,Start / stop engine,Démarrer / couper le moteur,
%%ACT_BRAKE,Handbrake,Frein à main,
%%ACT_ZAPETTE,Admin cleanup tool (dev),Outil de nettoyage admin (dev),
%%ACT_GAME_RECORD,Record the session,Enregistrer la session,
%%ACT_SCREENSHOT,Photo (no interface),Photo (sans interface),
%%ACT_SCREENSHOT_DEBUG,Screenshot for a bug report (debug panels),Capture pour rapport de bug (panneaux debug),
%%ACT_STAR_MAP,Star map,Carte stellaire,
%%ACT_STAR_MAP_SELECT,Star map: select (twice: go there),Carte stellaire : sélectionner (deux fois : y aller),
%%ACT_STAR_MAP_RESET,Star map: reset the view,Carte stellaire : réinitialiser la vue,
%%ACT_STAR_MAP_ORBIT,Star map: turn the view (hold and move the mouse),Carte stellaire : tourner la vue (maintenir et bouger la souris),
%%ACT_STAR_MAP_ORBIT_LEFT,Star map: turn left (stick),Carte stellaire : tourner à gauche (stick),
%%ACT_STAR_MAP_ORBIT_RIGHT,Star map: turn right (stick),Carte stellaire : tourner à droite (stick),
%%ACT_STAR_MAP_ORBIT_UP,Star map: turn up (stick),Carte stellaire : tourner vers le haut (stick),
%%ACT_STAR_MAP_ORBIT_DOWN,Star map: turn down (stick),Carte stellaire : tourner vers le bas (stick),
%%ACT_STAR_MAP_ZOOM_STEP_IN,Star map: zoom in one step,Carte stellaire : zoom avant d'un cran,
%%ACT_STAR_MAP_ZOOM_STEP_OUT,Star map: zoom out one step,Carte stellaire : zoom arrière d'un cran,
%%ACT_STAR_MAP_ZOOM_IN,Star map: zoom in (hold),Carte stellaire : zoom avant (maintenir),
%%ACT_STAR_MAP_ZOOM_OUT,Star map: zoom out (hold),Carte stellaire : zoom arrière (maintenir),
%%ACT_SERVICES,Services terminal,Terminal de services,
%%ACT_DEBUG_TIME_FORWARD,Move time forward (dev),Avancer le temps (dev),
%%ACT_DEBUG_TIME_BACK,Move time back (dev),Reculer le temps (dev),
%%ACT_DEBUG_TOGGLE_MOON_LIGHTS,Toggle moonlight (dev),Basculer la lumière des lunes (dev),
%%ACT_DEBUG_ISOLATE_LIGHT,Isolate a light source (dev),Isoler une source de lumière (dev),
%%ACT_TOGGLE_DEBUG,Show / hide debug panels,Afficher / masquer les panneaux de débogage,
%%ACT_TOGGLE_TOOL,Equip / stow tool,Équiper / ranger l'outil,
%%ACT_AIM,Aim tool,Viser avec l'outil,
%%ACT_PERFORATE,Drill,Perforer,
%%KM_PRESS_KEY,Press a key...,Appuyez sur une touche...
%%KM_PRESS_PAD,Press a gamepad button...,Appuyez sur un bouton de la manette...,
%%KM_COLUMN_KEYBOARD,Keyboard / mouse,Clavier / souris,
%%KM_COLUMN_PAD,Gamepad,Manette,
%%KM_GROUP_GENERAL,General,Général,
%%KM_GROUP_ON_FOOT,On foot,À pied,
%%KM_GROUP_VEHICLE,In a vehicle,En véhicule,
%%KM_GROUP_EVA,EVA (weightless),EVA (apesanteur),
%%KM_GROUP_DEBUG,Debug,Débogage,
%%KM_GROUP_OTHER,Other,Autres,
%%KM_SECTION_STAR_MAP,Star map,Carte stellaire,
%%KM_SECTION_SERVICES,Services,Services,
%%KM_SECTION_CHAT,Chat,Chat,
%%KM_SECTION_AUDIO,Audio,Audio,
%%KM_SECTION_GALLERY,Gallery,Galerie,
%%PAD_DPAD,D-pad,Croix,
%%PAD_DPAD_UP,Up,haut,
%%PAD_DPAD_DOWN,Down,bas,
%%PAD_DPAD_LEFT,Left,gauche,
%%PAD_DPAD_RIGHT,Right,droite,
%%PAD_PS_CROSS,Cross,Croix,
%%PAD_PS_CIRCLE,Circle,Rond,
%%PAD_PS_SQUARE,Square,Carré,
%%PAD_PS_TRIANGLE,Triangle,Triangle,
%%PAD_BUTTON,Button %d,Bouton %d,
%%PAD_AXIS,Axis %d%s,Axe %d%s,
%%MOUSE_LEFT,Left click,Clic gauche,
%%MOUSE_RIGHT,Right click,Clic droit,
%%MOUSE_MIDDLE,Middle click,Clic molette,
%%MOUSE_WHEEL_UP,Wheel up,Molette haut,
%%MOUSE_WHEEL_DOWN,Wheel down,Molette bas,
%%PAD_POPUP_TITLE,Gamepad detected,Manette détectée,
%%PAD_POPUP_TEXT,"You can play DyingStar and drive its menus with your gamepad.","Vous pouvez jouer à DyingStar et parcourir ses menus avec votre manette.",
%%PAD_POPUP_OK,OK,OK,
%%HUD_DOOR_OPEN,Open door,Ouvrir la porte,
%%HUD_DOOR_CLOSE,Close door,Fermer la porte,
%%HUD_SEAT_DRIVER,Driver seat,Siège conducteur,
%%HUD_SEAT_PASSENGER,Passenger seat,Siège passager,
%%HUD_SEAT_TAKEN,Driver seat taken,Siège conducteur occupé,
%%HUD_HANDS_FULL,"Hands full - %s drops it, then board","Mains pleines - %s pour lâcher, puis monter",
%%HUD_DOOR_FIRST,Open the door first (aim at the handle),Ouvrez d'abord la porte (visez la poignée),
%%HUD_DROP,Drop,Lâcher,
%%HUD_FIT,Fit,Installer,
%%HUD_CARGO,Load,Charger,
%%HUD_PART_ENGINE_RUNNING,Switch the engine off to remove this part,Coupez le contact pour retirer ce composant,
%%ACT_CONTROLS_HELP,Controls help,Aide des commandes,
%%HELP_TITLE,Controls,Commandes,
%%HELP_CLOSE,%s or %s to close,%s ou %s pour fermer,
%%HELP_MOVE,Move,Se déplacer,
%%HELP_LOOK,Look around,Regarder,
%%HELP_LIMITER_SET,Speed limit +5 / -5 km/h,Limite de vitesse +5 / -5 km/h,
%%HELP_MOUSE,Mouse,Souris,
%%HINT_DRIVE,Drive and steer,Avancer et tourner,
%%HINT_MAP_SELECT,Select (twice: go there),Sélectionner (deux fois : y aller),
%%HINT_MAP_ZOOM,Zoom,Zoom,
%%HINT_MAP_TURN,Turn the view,Tourner la vue,
%%HINT_MAP_RESET,Reset the view,Réinitialiser la vue,
%%HINT_MAP_CLOSE,Close the map,Fermer la carte,
%%HINT_WALK_PACE,Walking pace,Allure de marche,
%%HINT_ROLL,Roll,Rouler sur soi-même,
%%MENU_PLAY_HINTS_TOGGLE,Play hints (the keys of the moment on the left),Aide à jouer (les touches du moment à gauche),
%%MENU_PLAY_HINTS_RESET,Hints already learnt,Aides déjà apprises,
%%MENU_PLAY_HINTS_SHOW_AGAIN,Show them again,Les réafficher,
%%HUD_CARRY,Carry,Porter,
%%HUD_CARRY_NAMED,Carry %s,Porter %s,
%%HUD_REMOVE_NAMED,Remove %s,Enlever %s,
%%HUD_PILOT_SHIP,Pilot the ship,Piloter le vaisseau,
%%HUD_MAP_ME,Me,Moi,
%%HUD_MAP_ME_TIP,Follow your own position,Suivre votre propre position,
%%HUD_MAP_RESET,Reset,Réinitialiser,
%%HUD_MAP_RESET_TIP,Back to the whole system - default orientation,Revenir au système entier - orientation par défaut,
%%HUD_MAP_YOU,You,Vous,
%%HUD_MAP_READOUT,%d bodies   following: %s   zoom %s   sim t %.0f,%d corps   suivi : %s   zoom %s   t sim %.0f,
%%HUD_MAP_RELIEF,LOD %d   %d/%d tiles   %s per sample,LOD %d   %d/%d tuiles   %s par échantillon,
%%HUD_MAP_RELIEF_NONE,LOD — (no elevation cached),LOD — (aucune élévation en cache),
%%HUD_RPM,%.0f rpm,%.0f tr/min,
%%HUD_OVERLOADED,OVERLOADED,SURCHARGE,
%%HUD_HANDBRAKE,HANDBRAKE,FREIN À MAIN,
%%HUD_LIGHTS,LIGHTS,PHARES,
%%HUD_POWERTRAIN_ELECTRIC,Electric,Électrique,
%%HUD_POWERTRAIN_THERMAL,Thermal,Thermique,
%%HUD_DRIVE_FWD,FWD,Traction,
%%HUD_DRIVE_RWD,RWD,Propulsion,
%%HUD_DRIVE_AWD,4x4,4x4,
%%HUD_ORE_PURITY,"ORE PURITY
%.2f m3 rock  -  %.2f m3 ore","PURETÉ DU MINERAI
%.2f m3 de roche  -  %.2f m3 de minerai",
%%HUD_DEPOT_PLACE,"PLACE YOUR ROCK FRAGMENTS
ON THE RIGHT-HAND CONVEYOR.","DÉPOSEZ VOS FRAGMENTS DE ROCHE
SUR LE CONVOYEUR DE DROITE.",
%%HUD_DEPOT_FULL,CRATE FULL - READY TO EXTRACT,CAISSE PLEINE - PRÊTE À EXTRAIRE,
%%HUD_DEPOT_FILLING,"CRATE FILLING
%d%%","REMPLISSAGE
%d%%",
%%CHAT_GENERAL,General,Général,
%%CHAT_DIRECT_MESSAGE,Direct message,Message privé,
%%CHAT_GROUP,Group,Groupe,
%%CHAT_ALLIANCE,Alliance,Alliance,
%%CHAT_REGION,Region,Région,
%%CHAT_UNSPECIFIED,Unspecified,Non précisé,
%%CHAT_SOON,Coming soon,À venir,
%%ERR_NO_PARENT,Cannot spawn: the parent object %s never arrived from the server.,Apparition impossible : l'objet parent %s n'est jamais arrivé du serveur.,
%%ERR_NO_PLAYER,Cannot spawn: the server never sent your player's creation (%s).,Apparition impossible : le serveur n'a jamais envoyé la création de votre joueur (%s).,
%%HUD_SPEED,Speed,Vitesse,
%%HUD_GOD_MODE_SPEED,God mode: %s,Mode Dieu : %s,
%%HUD_GOD_MODE_LAND,Land here,Se poser ici,
%%HUD_LIMITER,Limiter,Limiteur,
%%HUD_ODOMETER,Odometer,Compteur,
%%HUD_RPM_LABEL,RPM,Régime,
%%HUD_MOTOR,Motor,Moteur,
%%HUD_TRANSMISSION,Transmission,Transmission,
%%HUD_SEND,SEND,ENVOYER,
%%HUD_ROCK_DEPOT,Rock depot,Dépôt de roche,
%%HUD_EXTRACT_STOCK,EXTRACT STOCK,EXTRAIRE LE STOCK,
%%HUD_CURRENT_STOCK,CURRENT STOCK,STOCK ACTUEL,
%%EMOTE_DANCE,Dance,Danser,
%%EMOTE_CELEBRATION,Celebration,Célébrer,
%%EMOTE_CRYING,Crying,Pleurer,
%%EMOTE_DRINK,Drink,Boire,
%%EMOTE_SIT,Sit,S'asseoir,
%%EMOTE_PAPER,Paper,Papier,
%%EMOTE_ROCK,Rock,Pierre,
%%EMOTE_SCISSORS,Scissors,Ciseaux,
%%EMOTE_SURPRISE,Surprise,Surprise,
%%EMOTE_CONSUME,Consume,Consommer,
%%EMOTE_LAY,Lay down,S'allonger,
%%EMOTE_RAGE,Rage,Rage,
%%EMOTE_YES,Yes,Oui,
%%EMOTE_NO,No,Non,
%%EMOTE_ZOMBIE,Zombie,Zombie,
%%EMOTE_TPOSE,T-Pose,T-Pose,
%%EMOTE_INTERACT,Interact,Interagir,
%%EMOTE_GROUP_GAME,Game,Jeu,
%%SPAWN_ROCK,Rock,Rocher,
%%SPAWN_CRATE,Crate,Caisse,
%%SPAWN_PALLET,Pallet,Palette,
%%SPAWN_CUBE,Cube,Cube,
%%SPAWN_TIPPER,Tipper,Benne,
%%SPAWN_LIQUID,Liquid,Liquide,
%%SPAWN_HAULING,Hauling,Transport,
%%SPAWN_ENGINE_T1,T1 engine,Moteur T1,
%%SPAWN_BATTERY_T1,T1 battery,Batterie T1,
%%SPAWN_TRUCK,Truck,Camion,
%%HUD_MAP_SEARCH,Search a body or a place,Rechercher un corps ou un lieu,
%%HUD_MAP_SYSTEM,system,système,
%%HUD_MAP_RADIUS,Radius,Rayon,
%%HUD_MAP_DAY,Day,Jour,
%%HUD_MAP_TILT,Axial tilt,Inclinaison,
%%HUD_MAP_YEAR,Year,Année,
%%HUD_MAP_SEMI_MAJOR,Semi-major,Demi-grand axe,
%%HUD_MAP_DISTANCE_NOW,Distance now,Distance actuelle,
%%HUD_MAP_ORBITS,Orbits,Orbite autour de,
%%HUD_MAP_INCLINATION,Inclination,Inclinaison de l'orbite,
%%HUD_MAP_ORBIT_PERIOD,One orbit,Un tour d'orbite,
%%HUD_MAP_HOURS_MINUTES_VALUE,%d h %02d min,%d h %02d min,
%%HUD_MAP_NO_ORBIT,no orbit of its own,pas d'orbite propre,
%%HUD_MAP_HOURS_VALUE,%.1f h,%.1f h,
%%HUD_MAP_DAYS_VALUE,%.1f days,%.1f jours,
%%HUD_MAP_YEARS_VALUE,%.1f years,%.1f ans,
%%HUD_MAP_AU_VALUE,%.4f AU,%.4f UA,
%%HUD_MAP_POI_KIND,Kind,Type,
%%HUD_MAP_POI_POPULATION,Population,Population,
%%HUD_MAP_POI_EXTENT,Extent,Étendue,
%%HUD_MAP_POI_ALTITUDE,Altitude,Altitude,
%%HUD_MAP_METRES_VALUE,%s m,%s m,
%%HUD_MAP_POI_COORDS,Lon / Lat,Lon / Lat,
%%HUD_MAP_CURSOR,Lon %s°   Lat %s°   %s m,Lon %s°   Lat %s°   %s m,
%%HUD_MAP_CURSOR_LONLAT,Lon %s°   Lat %s°,Lon %s°   Lat %s°,
%%POI_KIND_CAPITAL,Capital,Capitale,
%%POI_KIND_SPACEPORT,Spaceport,Spatioport,
%%POI_KIND_RAILWAY,Railway city,Ville ferroviaire,
%%POI_KIND_MINING,Mining village,Village minier,
%%POI_KIND_INDUSTRIAL,Industrial village,Village industriel,
%%POI_KIND_ORBITAL,Orbital station,Station orbitale,
%%POI_KIND_CITY,City,Ville,
%%STATION_NAME_ORBITAL,%s Orbital Station,Station orbitale %s,
%%SCREENSHOT_SAVED,Screenshot saved and copied: %s,Capture enregistrée et copiée : %s,
%%SCREENSHOT_SAVED_NOT_COPIED,Screenshot saved (not copied to the clipboard): %s,Capture enregistrée (non copiée dans le presse-papiers) : %s,
%%SCREENSHOT_FAILED,Screenshot failed: cannot write %s,Échec de la capture : impossible d'écrire %s,
%%MENU_GALLERY_OPEN,Open,Ouvrir,
%%MENU_GFX_SECTION_AA,Anti-aliasing & upscaling,Anticrénelage et mise à l'échelle,
%%MENU_GFX_SECTION_SHADOWS,Shadows,Ombres,
%%MENU_GFX_SECTION_EFFECTS,Effects,Effets,
%%MENU_GFX_SECTION_WORLD,World quality,Qualité du monde,
%%MENU_GFX_LOW,Low,Bas,
%%MENU_GFX_MEDIUM,Medium,Moyen,
%%MENU_GFX_HIGH,High,Élevé,
%%MENU_GFX_ULTRA,Ultra,Ultra,
%%MENU_GFX_CUSTOM,Custom,Personnalisé,
%%MENU_GFX_VERY_LOW,Very low,Très bas,
%%MENU_GFX_HARD,Hard,Nettes,
%%MENU_GFX_UPSCALER,Upscaling,Mise à l'échelle,
%%MENU_GFX_BILINEAR,Bilinear,Bilinéaire,
%%MENU_GFX_RENDER_SCALE,Render scale,Échelle de rendu,
%%MENU_GFX_FSR_SHARPNESS,FSR sharpness,Netteté FSR,
%%MENU_GFX_MSAA,Multisample anti-aliasing (MSAA),Anticrénelage multi-échantillons (MSAA),
%%MENU_GFX_SCREEN_AA,Post-process anti-aliasing,Anticrénelage post-traitement,
%%MENU_GFX_TAA,Temporal anti-aliasing (TAA),Anticrénelage temporel (TAA),
%%MENU_GFX_SUN_SHADOW_RES,Sun shadow resolution,Résolution des ombres du soleil,
%%MENU_GFX_LIGHT_SHADOW_RES,Lamp & torch shadow resolution,Résolution des ombres des lampes,
%%MENU_GFX_SHADOW_FILTER,Shadow softness,Douceur des ombres,
%%MENU_GFX_SSAO,Ambient occlusion (SSAO),Occlusion ambiante (SSAO),
%%MENU_GFX_SSIL,Indirect lighting (SSIL),Éclairage indirect (SSIL),
%%MENU_GFX_SSR,Screen-space reflections (SSR),Réflexions en espace écran (SSR),
%%MENU_GFX_GLOW,Bloom,Halo lumineux (bloom),
%%MENU_GFX_ANISOTROPIC,Anisotropic filtering,Filtrage anisotrope,
%%MENU_GFX_DEBANDING,Debanding,Réduction du banding,
%%MENU_GFX_ATMOSPHERE,Atmosphere quality,Qualité de l'atmosphère,
%%MENU_GFX_GROUND,Ground detail,Détail du sol,
%%MENU_GFX_MESH_LOD,Object detail (LOD),Détail des objets (LOD),
%%MENU_GFX_FOLIAGE_DISTANCE,Vegetation distance (grass / trees),Distance de la végétation (herbe / arbres),
%%MENU_GFX_WHY_RENDERER,Needs the Forward+ renderer (Vulkan / Direct3D 12),Nécessite le moteur de rendu Forward+ (Vulkan / Direct3D 12),
%%MENU_GFX_WHY_CLIENT_INI,Forced by a debug key in client.ini,Forcé par une clé de débogage dans client.ini,
%%MENU_GFX_WHY_FSR2_TAA,FSR 2.2 already includes temporal anti-aliasing,FSR 2.2 inclut déjà un anticrénelage temporel,
%%MENU_GFX_WHY_FSR2_MSAA,"Not used with FSR 2.2, which anti-aliases on its own","Inutile avec FSR 2.2, qui gère déjà l'anticrénelage",
%%MENU_GFX_WHY_NO_FSR,Only used with FSR upscaling,Utilisé uniquement avec la mise à l'échelle FSR,
%%MENU_GFX_WHY_SHADOWS_OFF,Shadows are off,Les ombres sont désactivées,
%%MENU_GFX_SECTION_DISPLAY,Display,Affichage,
%%MENU_GFX_PRESET,Graphics quality,Qualité graphique,
%%MENU_GFX_RECOMMENDED,Recommended for %s: %s,Recommandé pour %s : %s,
%%MENU_GFX_APPLY_RECOMMENDED,Apply,Appliquer,
%%MENU_GFX_OVERLAY_TOGGLE,In-game graphics panel (hold AltGr for the mouse),Panneau graphique en jeu (maintenir AltGr pour la souris),
%%MENU_GFX_OVERLAY_HINT,Hold AltGr to use the mouse,Maintenir AltGr pour utiliser la souris,
%%MENU_GFX_HELP_PRESET,Sets every option below at once. Changing any single option afterwards switches to Custom.,Règle d'un coup toutes les options ci-dessous. Modifier ensuite une seule option passe en Personnalisé.,
%%MENU_GFX_HELP_UPSCALE_MODE,"Renders the 3D scene at a lower resolution and scales it up to the screen. FSR 1 sharpens a single frame; FSR 2.2 rebuilds detail from previous frames and also removes jagged edges. Bilinear is the plain, soft scaling.","Calcule la scène 3D à une résolution plus basse puis l'agrandit à la taille de l'écran. FSR 1 affine une seule image ; FSR 2.2 reconstruit les détails à partir des images précédentes et lisse aussi les contours. Bilinéaire est l'agrandissement simple, plus flou.",
%%MENU_GFX_HELP_RENDER_SCALE,Share of the screen resolution the 3D scene is rendered at. Lower = more FPS but a softer picture. The interface always stays sharp.,Part de la résolution de l'écran utilisée pour calculer la scène 3D. Plus bas = plus de FPS mais une image plus floue. L'interface reste toujours nette.,
%%MENU_GFX_HELP_FSR_SHARPNESS,How much FSR sharpens the upscaled image. Too high can create halos around edges.,"Force de l'accentuation appliquée par FSR à l'image agrandie. Trop haut, des halos peuvent apparaître autour des contours.",
%%MENU_GFX_HELP_AA_MSAA,"Smooths the edges of 3D objects by sampling each pixel several times. Clean and stable, but expensive at 4x and 8x. Has no effect on the edges of transparent textures (grass, foliage).","Lisse les contours des objets 3D en échantillonnant chaque pixel plusieurs fois. Net et stable, mais coûteux en 4x et 8x. Sans effet sur les bords des textures transparentes (herbe, feuillage).",
%%MENU_GFX_HELP_AA_SCREEN,Smooths jagged edges on the finished image. FXAA is almost free but slightly blurs; SMAA is sharper for a small extra cost.,Lisse les contours en escalier sur l'image finale. FXAA ne coûte presque rien mais floute un peu ; SMAA est plus net pour un petit surcoût.,
%%MENU_GFX_HELP_AA_TAA,"Smooths edges and shimmering by blending the image with previous frames. Very effective on foliage and thin details, but can leave a slight trail in fast motion.","Lisse les contours et le scintillement en mélangeant l'image avec les précédentes. Très efficace sur la végétation et les détails fins, mais peut laisser une légère traînée en mouvement rapide.",
%%MENU_GFX_HELP_SHADOWS,Real-time shadows cast by the sun and the moons. Turning them off is the biggest single gain on a weak graphics card.,Ombres en temps réel projetées par le soleil et les lunes. Les couper est le plus gros gain possible sur une carte graphique modeste.,
%%MENU_GFX_HELP_SHADOW_DISTANCE,"How far from you the sun's shadows are drawn. Further = shadows over a wider area, but less detailed up close and more costly.","Distance jusqu'à laquelle les ombres du soleil sont dessinées. Plus loin = ombres sur une zone plus large, mais moins détaillées de près et plus coûteuses.",
%%MENU_GFX_HELP_SHADOW_SUN_RES,"Detail of the sun's shadows. Higher = crisper shadow edges, at the cost of video memory.","Finesse des ombres du soleil. Plus haut = bords d'ombre plus nets, au prix de mémoire vidéo.",
%%MENU_GFX_HELP_SHADOW_LIGHT_RES,Detail of the shadows cast by lamps and torches.,Finesse des ombres projetées par les lampes et les torches.,
%%MENU_GFX_HELP_SHADOW_FILTER,How soft shadow edges look. Hard is the cheapest; higher levels blur the edges more naturally.,Douceur des bords d'ombre. Nettes est le moins coûteux ; les niveaux supérieurs adoucissent les bords de façon plus naturelle.,
%%MENU_GFX_HELP_SSAO,"Darkens corners, creases and contact points where ambient light hardly reaches. Adds depth to the scene.","Assombrit les coins, les recoins et les points de contact où la lumière ambiante pénètre peu. Donne du relief à la scène.",
%%MENU_GFX_HELP_SSIL,"Light bouncing off nearby surfaces tints their surroundings, e.g. a red wall reflecting reddish light. Costly.","La lumière qui rebondit sur les surfaces proches colore leur voisinage, par exemple un mur rouge qui renvoie une lueur rougeâtre. Coûteux.",
%%MENU_GFX_HELP_SSR,"Reflections of what is on screen in shiny surfaces (metal, water, polished floors). Things off screen are not reflected.","Reflets de ce qui est à l'écran dans les surfaces brillantes (métal, eau, sols polis). Ce qui est hors de l'écran n'est pas reflété.",
%%MENU_GFX_HELP_GLOW,"Halo of light around very bright areas (the sun, lamps). High gives a smoother, higher-quality halo.","Halo lumineux autour des zones très claires (le soleil, les lampes). Élevé donne un halo plus doux et de meilleure qualité.",
%%MENU_GFX_HELP_ANISOTROPIC,"Keeps textures sharp when seen at a grazing angle, such as the ground stretching into the distance. Very cheap on recent graphics cards.","Garde les textures nettes vues en biais, comme le sol qui s'étend au loin. Très peu coûteux sur les cartes graphiques récentes.",
%%MENU_GFX_HELP_DEBANDING,"Removes the visible steps in smooth colour gradients, such as the sky at dusk.","Supprime les paliers visibles dans les dégradés de couleur, comme le ciel au crépuscule.",
%%MENU_GFX_HELP_ATMOSPHERE_QUALITY,"Precision of the sky and of the haze over distant terrain. Lower = more FPS, with a slightly coarser sky.","Précision du ciel et de la brume sur le relief lointain. Plus bas = plus de FPS, avec un ciel un peu moins fin.",
%%MENU_GFX_HELP_GROUND_QUALITY,"Detail of the ground textures. Both levels vary the tiles so the textures never visibly repeat; Medium drops the depth effect (parallax) and the roughness variation, which is lighter on the graphics card.","Détail des textures du sol. Les deux niveaux varient les tuiles pour que les textures ne se répètent jamais visiblement ; Moyen retire l'effet de profondeur (parallaxe) et la variation de rugosité, plus léger pour la carte graphique.",
%%MENU_GFX_HELP_MESH_LOD,How soon distant objects switch to simpler versions of their 3D models. Lower = simpler models sooner and more FPS.,Moment où les objets lointains passent à des versions simplifiées de leur modèle 3D. Plus bas = modèles simplifiés plus tôt et plus de FPS.,
%%MENU_GFX_HELP_FOLIAGE_DISTANCE,How far grass and trees are drawn. Vegetation is one of the most expensive things in the scene.,Distance jusqu'à laquelle l'herbe et les arbres sont dessinés. La végétation est l'un des éléments les plus coûteux de la scène.,
%%MENU_GFX_TERRAIN_DISTANCE,Terrain distance,Distance du terrain,
%%MENU_GFX_STRUCTURES_DISTANCE,"Roads, rails & buildings distance","Distance des routes, rails et bâtiments",
%%MENU_GFX_HELP_TERRAIN_DISTANCE,"How far the terrain keeps its detail (relief, cliffs, the shape of distant hills). The ground right around you always stays fully detailed.","Distance jusqu'à laquelle le relief garde ses détails (falaises, forme des collines lointaines). Le sol juste autour de vous reste toujours au détail maximal.",
%%MENU_GFX_HELP_STRUCTURES_DISTANCE,"How far roads, rails, bridges and buildings are drawn. Lower = they appear later as you approach, for more FPS.","Distance jusqu'à laquelle routes, rails, ponts et bâtiments sont dessinés. Plus bas = ils apparaissent plus tard en approchant, pour plus de FPS.",
%%MENU_GFX_SECTION_GALLERY,Gallery,Galerie,
%%MENU_GFX_SECTION_SCENE,Scene,Scène,
%%MENU_GFX_HOUR,Time of day,Heure,
%%MENU_GALLERY_SCREENSHOTS,Screenshots,Captures d'écran,
%%MENU_GALLERY_VIDEOS,Videos,Vidéos,
%%MENU_GFX_SECTION_BENCHMARK,Benchmark,Benchmark,
%%MENU_BENCH_RUN_LINE,Measure performance (about 3 min),Mesurer les performances (environ 3 min),
%%MENU_BENCH_RUN,Run,Lancer,
%%MENU_BENCH_REPORTS,Reports,Rapports,
%%MENU_BENCH_OPEN_FOLDER,Open folder,Ouvrir le dossier,
%%MENU_BENCH_HELP,"Turns the view slowly on the spot, first with your settings, then lowering each costly effect in turn, and puts your settings back at the end. Writes a report to send on Discord, and copies it. Do not touch anything while it runs; Esc stops it.","Fait tourner la vue lentement sur place, d'abord avec vos réglages, puis en baissant tour à tour chaque effet coûteux, et remet vos réglages à la fin. Écrit un rapport à envoyer sur Discord, et le copie. Ne touchez à rien pendant la mesure ; Échap l'arrête.",
%%MENU_BENCH_WHY_UNAVAILABLE,"Only in game, on foot on the ground, hands free (not in a vehicle)","Seulement en jeu, à pied sur le sol, les mains libres (pas dans un véhicule)",
%%HUD_BENCH_PREPARING,Benchmark — warming up — Esc / B to cancel,Benchmark — préchauffage — Échap / B pour annuler,
%%HUD_BENCH_PROGRESS,Benchmark %d/%d — %s — Esc / B to cancel,Benchmark %d/%d — %s — Échap / B pour annuler,
%%HUD_BENCH_STEP_BASELINE,Your settings,Vos réglages,
%%HUD_BENCH_STEP_BASELINE_END,"Your settings, again","Vos réglages, à nouveau",
%%HUD_BENCH_STEP_AERIAL,Aerial perspective → Off,Perspective atmosphérique → Désactivée,
%%BENCH_SAVED,Benchmark saved and copied: %s,Benchmark enregistré et copié : %s,
%%BENCH_CANCELLED,Benchmark cancelled — your settings are back,Benchmark annulé — vos réglages sont rétablis,
%%BENCH_FAILED,Benchmark: cannot write %s,Benchmark : impossible d'écrire %s,
%%HUD_DEV_UNIVERSE,Universe,Univers,
%%HUD_DEV_SERVER,Server (Godot),Serveur (Godot),
%%HUD_DEV_SERVER_BOX,Server box (Godot),Boîte serveur (Godot),
%%HUD_DEV_CLIENT,Client,Client,
%%HUD_DEV_SURFACE,Ground underfoot,Sol sous les pieds,
%%HUD_DEV_MUSIC,Music,Musique,
%%HUD_DEV_STAR_MAP,Star map,Carte stellaire,
%%HUD_DEV_MOVEMENT,Movement,Déplacement,
%%HUD_DEV_VEHICLE,Vehicle dashboard,Tableau de bord du véhicule,
%%RETURN,Back,Retour,
%%MENU_STAGE_TOGGLE,"Animated main menu (Tarsis 3, applies next time the menu opens)","Menu principal animé (Tarsis 3, au prochain affichage du menu)",
%%MENU_STAGE_LOADING,Loading...,Chargement...,
%%SIGN_GARAGE,GARAGE,GARAGE,
%%SIGN_TELEPORTER,TELEPORTER,TÉLÉPORTEUR,
%%SIGN_CARGO_DEPOT,CARGO DEPOT,DÉPÔT DE FRET,
%%SIGN_MINING_DEPOT,MINING DEPOT,DÉPÔT MINIER,
%%SVC_APP_IDENTITY,Identity,Identité,
%%SVC_APP_CONTACTS,Contacts,Contacts,
%%SVC_APP_SQUAD,Squad,Escouade,
%%SVC_APP_CORPORATIONS,Corporations,Corporations,
%%SVC_APP_MISSIONS,Missions,Missions,
%%SVC_APP_BANK,Bank,Banque,
%%SVC_APP_REPORTS,Reports,Signalements,
%%SVC_APP_DIAGNOSTICS,Diagnostics,Diagnostic,
%%SVC_ACT_REFRESH,Refresh,Actualiser,
%%SVC_ACT_HOME,Home,Accueil,
%%SVC_ACT_SAVE,Save,Enregistrer,
%%SVC_ACT_SEARCH,Search,Chercher,
%%SVC_ACT_ADD,Add,Ajouter,
%%SVC_ACT_ACCEPT,Accept,Accepter,
%%SVC_ACT_DECLINE,Decline,Refuser,
%%SVC_ACT_CANCEL,Cancel,Annuler,
%%SVC_ACT_REMOVE,Remove,Retirer,
%%SVC_ACT_BLOCK,Block,Bloquer,
%%SVC_ACT_UNBLOCK,Unblock,Débloquer,
%%SVC_ACT_TEST,Test,Tester,
%%SVC_ACT_LOAD,Load,Charger,
%%SVC_ACT_REPORT,Report,Rapport,
%%SVC_ACT_BROWSE,Browse,Parcourir,
%%SVC_ACT_JOIN,Join,Rejoindre,
%%SVC_ACT_LEAVE,Leave,Quitter,
%%SVC_ACT_DISBAND,Disband,Dissoudre,
%%SVC_ACT_INVITE,Invite,Inviter,
%%SVC_ACT_APPLY,Apply,Appliquer,
%%SVC_ACT_TRANSFER,Transfer leadership,Transférer la direction,
%%SVC_ACT_ATTACH,Attach,Rattacher,
%%SVC_ACT_DETACH,Detach,Détacher,
%%SVC_ACT_DONATE,Donate,Donner,
%%SVC_ACT_ABANDON,Abandon,Abandonner,
%%SVC_ACT_COMPLETE,Complete,Terminer,
%%SVC_ACT_BOLD,Bold,Gras,
%%SVC_ACT_ITALIC,Italic,Italique,
%%SVC_ACT_UNDERLINE,Underline,Souligné,
%%SVC_ACT_COLOR,Colour,Couleur,
%%SVC_ACT_JOIN_CORP,Join a corporation,Rejoindre une corporation,
%%SVC_ACT_CREATE_CORP,Create a corporation,Créer une corporation,
%%SVC_ACT_CREATE_GROUP,Create a group,Créer un groupe,
%%SVC_ACT_CREATE_RANK,Create rank,Créer le rang,
%%SVC_ACT_DELETE_RANK,Delete rank,Supprimer le rang,
%%SVC_ACT_REMOVE_MEMBER,Remove member,Retirer le membre,
%%SVC_ACT_ACCEPT_REQUEST,Accept request,Accepter la demande,
%%SVC_ACT_DECLINE_REQUEST,Decline request,Refuser la demande,
%%SVC_ACT_CREATE_MISSION,Create mission,Créer la mission,
%%SVC_ACT_SEND_TRANSFER,Send transfer,Envoyer le virement,
%%SVC_ACT_SEND_REPORT,Send report,Envoyer le signalement,
%%SVC_ACT_REPORT_PROGRESS,Report progress,Rapporter,
%%SVC_ACT_CONFIRM_OBJECTIVE,Confirm,Confirmer,
%%SVC_ACT_ADD_OBJECTIVE,Add objective,Ajouter un objectif,
%%SVC_ACT_ADD_PREREQ,Add prerequisite,Ajouter un prérequis,
%%SVC_ACT_VALIDATE,Validate,Valider,
%%SVC_ACT_SHARE,Share with my group,Partager avec mon groupe,
%%SVC_ACT_UNSHARE,Remove share,Retirer le partage,
%%SVC_ACT_ADD_ZONE,Add zone,Ajouter une zone,
%%SVC_ACT_ZONE_MINE,Use my position,Utiliser ma position,
%%SVC_ACT_CHOOSE,Choose…,Choisir…,
%%SVC_ACT_CLOSE,Close,Fermer,
%%SVC_LBL_MORE_APPS,More applications,Autres applications,
%%SVC_OVERVIEW_TITLE,Overview,Vue d'ensemble,
%%SVC_OVERVIEW_HINT,Select an application on the left.,Sélectionne une application à gauche.,
%%SVC_OVERVIEW_CAP_REQUESTS,FRIEND REQUESTS,REQUÊTES AMIS,
%%SVC_OVERVIEW_CAP_MISSIONS,ACTIVE MISSIONS,MISSIONS ACTIVES,
%%SVC_OVERVIEW_CAP_ACCOUNT,MAIN ACCOUNT,COMPTE PRINCIPAL,
%%SVC_HERO_SUB,%s   ·   Reputation %d,%s   ·   Réputation %d,
%%SVC_MSG_NO_CORPORATION,No corporation,Sans corporation,
%%SVC_MSG_PROFILE_UNAVAILABLE,Profile unavailable,Profil indisponible,
%%SVC_TAB_PROFILE,Profile,Profil,
%%SVC_TAB_EDIT,Edit,Modifier,
%%SVC_TAB_REPUTATION,Reputation,Réputation,
%%SVC_TAB_ACTIVITY,Activity,Activité,
%%SVC_TAB_CONTACTS,Contacts,Contacts,
%%SVC_TAB_REQUESTS,Requests,Demandes,
%%SVC_TAB_ADD,Add,Ajouter,
%%SVC_TAB_BLOCKED,Blocked,Bloqués,
%%SVC_TAB_MY_SQUAD,My squad,Mon escouade,
%%SVC_TAB_INVITATIONS,Invitations,Invitations,
%%SVC_TAB_MY_CORPS,My corps,Mes corps,
%%SVC_TAB_DIRECTORY,Directory,Annuaire,
%%SVC_TAB_MANAGE,Manage,Gérer,
%%SVC_TAB_CREATE,Create,Créer,
%%SVC_TAB_TREASURY,Treasury,Trésorerie,
%%SVC_TAB_AVAILABLE,Available,Disponibles,
%%SVC_TAB_MY_MISSIONS,My missions,Mes missions,
%%SVC_TAB_MY_CREATIONS,My contracts,Mes contrats,
%%SVC_TAB_ACCOUNTS,Accounts,Comptes,
%%SVC_TAB_TRANSACTIONS,Transactions,Transactions,
%%SVC_TAB_TRANSFER,Transfer,Virement,
%%SVC_TAB_REPORT,Report,Signaler,
%%SVC_TAB_MY_REPORTS,My reports,Mes signalements,
%%SVC_LBL_DISPLAY_NAME,Display name,Nom d'affichage,
%%SVC_LBL_BIOGRAPHY,Biography,Biographie,
%%SVC_LBL_RP_SHEET,Roleplay sheet,Fiche RP,
%%SVC_LBL_CHARACTER_NAME,Character name,Nom du personnage,
%%SVC_LBL_ALIGNMENT,Alignment,Alignement,
%%SVC_LBL_STORY,Story,Histoire,
%%SVC_LBL_INFORMATION,Information,Informations,
%%SVC_LBL_IDENTIFIER,Identifier,Identifiant,
%%SVC_LBL_TYPE,Type,Type,
%%SVC_LBL_ROLE,Role,Rôle,
%%SVC_LBL_REPUTATION,Reputation,Réputation,
%%SVC_LBL_FACTION,Faction,Faction,
%%SVC_LBL_FRIEND_SINCE,Contact since,Contact depuis,
%%SVC_LBL_SCORE,Score,Score,
%%SVC_LBL_HISTORY,History,Historique,
%%SVC_LBL_ACTIVE_SANCTIONS,Active sanctions,Sanctions actives,
%%SVC_LBL_RECENT_ACTIVITY,Recent activity,Activité récente,
%%SVC_LBL_EDIT_PROFILE,Edit profile,Modifier le profil,
%%SVC_LBL_INCOMING_REQUESTS,Incoming requests,Demandes reçues,
%%SVC_LBL_OUTGOING_REQUESTS,Outgoing requests,Demandes envoyées,
%%SVC_LBL_SEARCH_PLAYER,Search a player,Rechercher un joueur,
%%SVC_LBL_RESULTS,Results,Résultats,
%%SVC_LBL_RECENTLY_MET,Recently met,Récemment croisés,
%%SVC_LBL_BLOCKED_PLAYERS,Blocked players,Joueurs bloqués,
%%SVC_LBL_GROUP,Group,Groupe,
%%SVC_LBL_DESCRIPTION,Description,Description,
%%SVC_LBL_MAX_MEMBERS,Max members,Membres max,
%%SVC_LBL_OWNER,Owner,Propriétaire,
%%SVC_LBL_INVITE_CONTACTS,Invite a contact,Inviter un contact,
%%SVC_LBL_MY_CORPORATIONS,My corporations,Mes corporations,
%%SVC_LBL_PENDING_REQUESTS,Pending invitations / applications,Invitations / candidatures en attente,
%%SVC_LBL_DIRECTORY,Directory,Annuaire,
%%SVC_LBL_CORPORATION,Corporation,Corporation,
%%SVC_LBL_MEMBERS,Members,Membres,
%%SVC_LBL_RANKS,Ranks,Rangs,
%%SVC_LBL_REQUESTS,Requests,Demandes,
%%SVC_LBL_RANK,Rank,Rang,
%%SVC_LBL_DEFAULT,default,défaut,
%%SVC_LBL_NAME,Name,Nom,
%%SVC_LBL_TICKER,Ticker,Ticker,
%%SVC_LBL_RECRUITMENT,Recruitment,Recrutement,
%%SVC_LBL_REPORT_PERIOD,Report period,Période du rapport,
%%SVC_LBL_CORP_ACCOUNTS,Corporation accounts,Comptes corporation,
%%SVC_LBL_LEDGER,Ledger,Registre,
%%SVC_LBL_FINANCIAL_REPORT,Financial report,Rapport financier,
%%SVC_LBL_DONATION,Donation to the corporation,Don à la corporation,
%%SVC_LBL_STATUS,Status,Statut,
%%SVC_LBL_CATEGORY,Category,Catégorie,
%%SVC_LBL_VISIBILITY,Visibility,Visibilité,
%%SVC_LBL_AVAILABLE_MISSIONS,Available missions,Missions disponibles,
%%SVC_LBL_MY_MISSIONS,My missions,Mes missions,
%%SVC_LBL_MISSION,Mission,Mission,
%%SVC_LBL_OBJECTIVES,Objectives,Objectifs,
%%SVC_LBL_PROGRESS,Progress,Progression,
%%SVC_LBL_TITLE,Title,Titre,
%%SVC_LBL_REWARD_CREDITS,Reward (credits),Récompense (crédits),
%%SVC_LBL_PREREQUISITES,Prerequisites,Prérequis,
%%SVC_LBL_MAX_ASSIGNEES,Max assignees,Places max,
%%SVC_LBL_ESCROW,Funding,Financement,
%%SVC_LBL_ZONES,Zones,Zones,
%%SVC_LBL_SRC_PLAYERS,Players,Joueurs,
%%SVC_LBL_SRC_CORPS,Corporations,Corporations,
%%SVC_LBL_SELECTED,Selected,Sélectionné,
%%SVC_LBL_DETAIL,Detail,Détail,
%%SVC_LBL_SHARED_GROUP,Shared with a group,Partagée avec un groupe,
%%SVC_LBL_CREATE_MISSION,Create a mission,Créer une mission,
%%SVC_LBL_MAIN_BALANCE,MAIN BALANCE,SOLDE PRINCIPAL,
%%SVC_LBL_ACCOUNT,Account,Compte,
%%SVC_LBL_MY_ACCOUNTS,My accounts,Mes comptes,
%%SVC_LBL_RECIPIENT,Recipient,Destinataire,
%%SVC_LBL_AMOUNT_CREDITS,Amount (credits),Montant (crédits),
%%SVC_LBL_MEMO,Memo,Mémo,
%%SVC_LBL_TARGET_TYPE,Target type,Type de cible,
%%SVC_LBL_REASON,Reason,Motif,
%%SVC_LBL_MESSAGE,Message,Message,
%%SVC_LBL_NEW_REPORT,New report,Nouveau signalement,
%%SVC_LBL_MY_REPORTS,My reports,Mes signalements,
%%SVC_LBL_TARGETS,Targets,Cibles,
%%SVC_LBL_HEALTH,Services /api/health,Services /api/health,
%%SVC_LBL_PLAYER_TOKEN,Player token,Token joueur,
%%SVC_LBL_TARGET_SCHEME,Scheme: %s,Schéma : %s,
%%SVC_FMT_TARGET,%s: %s,%s : %s,
%%SVC_PH_DISPLAY_NAME,display name,nom d'affichage,
%%SVC_PH_BIO,Tell your story… (BBCode accepted),Raconte ton histoire… (BBCode accepté),
%%SVC_PH_CHARACTER_NAME,character name,nom du personnage,
%%SVC_PH_ALIGNMENT,alignment,alignement,
%%SVC_PH_STORY,character story… (BBCode accepted),histoire du personnage… (BBCode accepté),
%%SVC_PH_FILTER_CONTACTS,Filter contacts…,Filtrer les contacts…,
%%SVC_PH_PLAYER_NAME,Player name…,Nom du joueur…,
%%SVC_PH_SEARCH,search,rechercher,
%%SVC_PH_GROUP_NAME,group name…,nom du groupe…,
%%SVC_PH_GROUP_DESCRIPTION,description (optional),description (optionnelle),
%%SVC_PH_MAX_MEMBERS,max members (2-100),membres max (2-100),
%%SVC_PH_RANK_ID,rank id,id de rang,
%%SVC_PH_RANK_NAME,rank name,nom du rang,
%%SVC_PH_PRIORITY,priority,priorité,
%%SVC_PH_FROM,from (ISO),du (ISO),
%%SVC_PH_TO,to (ISO),au (ISO),
%%SVC_PH_AMOUNT,amount,montant,
%%SVC_PH_TITLE,title,titre,
%%SVC_PH_REWARD,reward,récompense,
%%SVC_PH_OBJECTIVE,objective,objectif,
%%SVC_PH_OBJECTIVE_ID,objective id,id objectif,
%%SVC_PH_QUANTITY,quantity,quantité,
%%SVC_PH_PARAMS_JSON,params (JSON),params (JSON),
%%SVC_PH_LOCATION,scene / system,scène / système,
%%SVC_PH_ZONE_SYSTEM,system name,nom de système,
%%SVC_PH_ZONE_SCENE,scene path (tarsis_1/new-paris),chemin de scène (tarsis_1/new-paris),
%%SVC_PH_ZONE_X,x,x,
%%SVC_PH_ZONE_Y,y,y,
%%SVC_PH_ZONE_Z,z,z,
%%SVC_PH_ZONE_RADIUS,radius (m),rayon (m),
%%SVC_PH_MEMO,memo (optional),mémo (optionnel),
%%SVC_PH_MESSAGE_OPTIONAL,message (optional),message (optionnel),
%%SVC_ENUM_ALL,(all),(tout),
%%SVC_ENUM_PRESENCE_ONLINE,online,en ligne,
%%SVC_ENUM_PRESENCE_MISSION,on mission,en mission,
%%SVC_ENUM_PRESENCE_OFFLINE,offline,hors ligne,
%%SVC_ENUM_STATUS_AVAILABLE,available,disponible,
%%SVC_ENUM_STATUS_ACTIVE,active,en cours,
%%SVC_ENUM_STATUS_COMPLETED,completed,terminée,
%%SVC_ENUM_STATUS_CANCELLED,cancelled,annulée,
%%SVC_ENUM_STATUS_EXPIRED,expired,expirée,
%%SVC_ENUM_OBJ_STATUS_PENDING,pending,en attente,
%%SVC_ENUM_OBJ_STATUS_IN_PROGRESS,in progress,en cours,
%%SVC_ENUM_OBJ_STATUS_COMPLETED,completed,terminé,
%%SVC_ENUM_OBJ_STATUS_FAILED,failed,échoué,
%%SVC_ENUM_KIND_DYNAMIC,dynamic,dynamique,
%%SVC_ENUM_KIND_SCENARIO,scenario,scénario,
%%SVC_ENUM_KIND_PLAYER,player,joueur,
%%SVC_ENUM_CATEGORY_DELIVERY,delivery,livraison,
%%SVC_ENUM_CATEGORY_TRANSPORT,transport,transport,
%%SVC_ENUM_CATEGORY_GENERIC,generic,générique,
%%SVC_ENUM_CATEGORY_MINING,mining,minage,
%%SVC_ENUM_CATEGORY_FARMING,farming,agriculture,
%%SVC_ENUM_CATEGORY_CRAFTING,crafting,artisanat,
%%SVC_ENUM_CATEGORY_CONSTRUCTION,construction,construction,
%%SVC_ENUM_CATEGORY_TRADING,trading,commerce,
%%SVC_ENUM_CATEGORY_EXPLORATION,exploration,exploration,
%%SVC_ENUM_CATEGORY_SALVAGE,salvage,récupération,
%%SVC_ENUM_CATEGORY_COMBAT,combat,combat,
%%SVC_ENUM_CATEGORY_RECEPTION,reception,réception,
%%SVC_ENUM_EVAL_GAME,reported by the game,relevé par le jeu,
%%SVC_ENUM_EVAL_SERVICE,measured by the services,mesuré par les services,
%%SVC_ENUM_EVAL_ISSUER,confirmed by the issuer,confirmé par l'émetteur,
%%SVC_ENUM_ISSUER_SYSTEM,system,système,
%%SVC_ENUM_ISSUER_CORPORATION,corporation,corporation,
%%SVC_ENUM_ISSUER_CITY,city,cité,
%%SVC_ENUM_ISSUER_PLAYER,player,joueur,
%%SVC_ENUM_ISSUER_NPC,npc,PNJ,
%%SVC_ENUM_VISIBILITY_PUBLIC,public,publique,
%%SVC_ENUM_VISIBILITY_CORPORATION,corporation,corporation,
%%SVC_ENUM_ESCROW_CREATOR,my wallet,mon portefeuille,
%%SVC_ENUM_ESCROW_ISSUER,corporation treasury,trésor de la corporation,
%%SVC_ENUM_PAYER_PLAYER,player,joueur,
%%SVC_ENUM_PAYER_CORPORATION,corporation,corporation,
%%SVC_ENUM_PAYER_POLITICS,political entity,entité politique,
%%SVC_ENUM_ZONE_SYSTEM,System,Système,
%%SVC_ENUM_ZONE_SCENE,Scene,Scène,
%%SVC_ENUM_ZONE_AREA,Area,Aire,
%%SVC_ENUM_ZONE_GLOBAL,Global,Globale,
%%SVC_ENUM_ENTITY_PLAYER,player,joueur,
%%SVC_ENUM_ENTITY_NPC,npc,pnj,
%%SVC_ENUM_RECRUITMENT_OPEN,open,ouvert,
%%SVC_ENUM_RECRUITMENT_APPLY,apply,on application,
%%SVC_ENUM_RECRUITMENT_CLOSED,closed,fermé,
%%SVC_ENUM_CORP_REQUEST_INVITATION,invitation,invitation,
%%SVC_ENUM_CORP_REQUEST_APPLICATION,application,application,
%%SVC_ENUM_REPORT_TARGET_PLAYER,player,joueur,
%%SVC_ENUM_REPORT_TARGET_CORPORATION,corporation,corporation,
%%SVC_ENUM_REASON_HARASSMENT,harassment,harcèlement,
%%SVC_ENUM_REASON_CHEATING,cheating,triche,
%%SVC_ENUM_REASON_GRIEFING,griefing,griefing,
%%SVC_ENUM_REASON_OFFENSIVE_NAME,offensive name,nom offensant,
%%SVC_ENUM_REASON_SCAM,scam,arnaque,
%%SVC_ENUM_REASON_OTHER,other,autre,
%%SVC_ENUM_REASON_REPUTATION_THRESHOLD,reputation threshold,seuil de réputation,
%%SVC_ENUM_REPORT_STATUS_OPEN,open,ouvert,
%%SVC_ENUM_REPORT_STATUS_REVIEWING,under review,en cours d'examen,
%%SVC_ENUM_REPORT_STATUS_RESOLVED,resolved,résolu,
%%SVC_ENUM_REPORT_STATUS_DISMISSED,dismissed,rejeté,
%%SVC_ENUM_SANCTION_WARNING,warning,avertissement,
%%SVC_ENUM_SANCTION_MUTE,mute,sourdine,
%%SVC_ENUM_SANCTION_SUSPENSION,suspension,suspension,
%%SVC_ENUM_SANCTION_BAN,ban,bannissement,
%%SVC_ENUM_REP_GAME,game,jeu,
%%SVC_ENUM_REP_BLOCK,block,blocage,
%%SVC_ENUM_REP_REPORT,report,signalement,
%%SVC_ENUM_REP_SANCTION,sanction,sanction,
%%SVC_ENUM_REP_MODERATION,moderation,modération,
%%SVC_ENUM_REP_REHABILITATION,rehabilitation,réhabilitation,
%%SVC_ENUM_ACTIVITY_PROFILE_CREATED,profile created,profil créé,
%%SVC_ENUM_ACTIVITY_PROFILE_UPDATED,profile updated,profil mis à jour,
%%SVC_ENUM_ACTIVITY_FRIEND_REQUEST_SENT,friend request sent,demande d'ami envoyée,
%%SVC_ENUM_ACTIVITY_FRIEND_ADDED,friend added,ami ajouté,
%%SVC_ENUM_ACTIVITY_PLAYER_BLOCKED,player blocked,joueur bloqué,
%%SVC_ENUM_ACTIVITY_CORP_APPLICATION_SENT,corporation application sent,candidature de corporation envoyée,
%%SVC_ENUM_OBJECTIVE_DELIVER_MATERIAL,deliver material,livrer du matériel,
%%SVC_ENUM_OBJECTIVE_TRANSPORT,transport,transport,
%%SVC_ENUM_OBJECTIVE_VISIT,visit,visite,
%%SVC_ENUM_OBJECTIVE_CUSTOM,custom,personnalisé,
%%SVC_ENUM_PERM_MANAGE_CORPORATION,manage corporation,gérer la corporation,
%%SVC_ENUM_PERM_MANAGE_RANKS,manage ranks,gérer les rangs,
%%SVC_ENUM_PERM_MANAGE_MEMBERS,manage members,gérer les membres,
%%SVC_ENUM_PERM_INVITE,invite,inviter,
%%SVC_ENUM_PERM_RECRUIT,recruit,recruter,
%%SVC_MSG_ERROR_PREFIX,Error:,Erreur :,
%%SVC_MSG_NO_CONTACTS,No contacts.,Aucun contact.,
%%SVC_MSG_NO_MATCH,No matching contact.,Aucun contact correspondant.,
%%SVC_MSG_SELECT_CONTACT,Select a contact to show their sheet.,Sélectionne un contact pour afficher sa fiche.,
%%SVC_MSG_NO_INCOMING,No incoming request.,Aucune demande reçue.,
%%SVC_MSG_NO_OUTGOING,No outgoing request.,Aucune demande envoyée.,
%%SVC_MSG_NO_SUGGESTIONS,No suggestion.,Aucune suggestion.,
%%SVC_MSG_NO_RESULTS,No result.,Aucun résultat.,
%%SVC_MSG_NO_BLOCKED,Nobody is blocked.,Personne n'est bloqué.,
%%SVC_MSG_NO_GROUP,No group yet.,Aucun groupe pour l'instant.,
%%SVC_MSG_GROUP_NAME_REQUIRED,Group name must be at least 2 characters.,Le nom du groupe doit faire au moins 2 caractères.,
%%SVC_MSG_GROUP_CREATED,Group created.,Groupe créé.,
%%SVC_MSG_GROUP_UPDATED,Group updated.,Groupe mis à jour.,
%%SVC_MSG_GROUP_LEFT,Left the group.,Groupe quitté.,
%%SVC_MSG_GROUP_DISBANDED,Group disbanded.,Groupe dissous.,
%%SVC_MSG_INVITATION_ACCEPTED,Invitation accepted.,Invitation acceptée.,
%%SVC_MSG_INVITATION_DECLINED,Invitation declined.,Invitation refusée.,
%%SVC_MSG_NO_ID,Profile without identifier.,Profil sans identifiant.,
%%SVC_MSG_REQUEST_SENDING,Sending request…,Demande envoyée…,
%%SVC_MSG_REQUEST_SENT,Friend request sent.,Demande d'ami envoyée.,
%%SVC_MSG_REQUEST_ACCEPTED,Request accepted.,Demande acceptée.,
%%SVC_MSG_REQUEST_DECLINED,Request declined.,Demande refusée.,
%%SVC_MSG_FRIEND_REMOVED,Friend removed.,Ami retiré.,
%%SVC_MSG_PLAYER_BLOCKED,Player blocked.,Joueur bloqué.,
%%SVC_MSG_PLAYER_UNBLOCKED,Player unblocked.,Joueur débloqué.,
%%SVC_MSG_NO_BIO,No biography.,Aucune biographie renseignée.,
%%SVC_MSG_NO_RP,No roleplay sheet.,Aucune fiche RP renseignée.,
%%SVC_MSG_UNEXPECTED_PROFILE,Unexpected profile response.,Réponse de profil inattendue.,
%%SVC_MSG_UNEXPECTED,Unexpected response.,Réponse inattendue.,
%%SVC_MSG_NO_SANCTIONS,No active sanction.,Aucune sanction active.,
%%SVC_MSG_NOTHING_TO_SAVE,Nothing to save.,Rien à enregistrer.,
%%SVC_MSG_PROFILE_SAVED,Profile saved.,Profil enregistré.,
%%SVC_MSG_SELECT_CORP,Select a corporation (my corps or directory).,Sélectionne une corporation (mes corps ou annuaire).,
%%SVC_MSG_SELECT_CORP_SHORT,Select a corporation.,Sélectionne une corporation.,
%%SVC_MSG_SELECT_MEMBER,Select a member.,Sélectionne un membre.,
%%SVC_MSG_NEED_RANK_ID,Enter the rank id.,Renseigne l'id du rang.,
%%SVC_MSG_RANK_UPDATED,Rank updated.,Rang mis à jour.,
%%SVC_MSG_MEMBER_REMOVED,Member removed.,Membre retiré.,
%%SVC_MSG_SELECT_REQUEST,Select a request.,Sélectionne une demande.,
%%SVC_MSG_REQUEST_HANDLED,Request handled.,Demande traitée.,
%%SVC_MSG_RANK_CREATED,Rank created.,Rang créé.,
%%SVC_MSG_SELECT_RANK,Select a rank.,Sélectionne un rang.,
%%SVC_MSG_RANK_DELETED,Rank deleted.,Rang supprimé.,
%%SVC_MSG_NEED_NEW_LEADER,Select the new leader.,Sélectionne le nouveau chef.,
%%SVC_MSG_TRANSFER_DONE,Leadership transferred.,Direction transférée.,
%%SVC_MSG_NAME_TICKER_REQUIRED,Name and ticker required.,Nom et ticker requis.,
%%SVC_MSG_CORP_CREATED,Corporation created.,Corporation créée.,
%%SVC_MSG_NEED_PARENT,Select the parent holding.,Sélectionne la holding parente.,
%%SVC_MSG_PARENT_SET,Parent holding set.,Holding parente définie.,
%%SVC_MSG_CORP_DETACHED,Corporation detached.,Corporation détachée.,
%%SVC_MSG_NO_PLAYER_ID,Player id not found (token?).,Id de joueur introuvable (token ?).,
%%SVC_MSG_CORP_LEFT,Left the corporation.,Corporation quittée.,
%%SVC_MSG_CORP_DISBANDED,Corporation disbanded.,Corporation dissoute.,
%%SVC_MSG_NEED_CORP_ID,Select the corporation.,Sélectionne la corporation.,
%%SVC_MSG_JOIN_SENT,Application sent / joined.,Candidature envoyée / rejoint.,
%%SVC_MSG_INVITE_SENT,Invitation sent.,Invitation envoyée.,
%%SVC_MSG_NEED_CORP_AND_PLAYER,Select a corporation and a player.,Sélectionne une corporation et un joueur.,
%%SVC_MSG_NO_MEMBERS,No member.,Aucun membre.,
%%SVC_MSG_NO_RANKS,No rank.,Aucun rang.,
%%SVC_MSG_NO_REQUESTS,No request.,Aucune demande.,
%%SVC_MSG_NO_CORPS,You do not belong to any corporation.,Tu n'appartiens à aucune corporation.,
%%SVC_MSG_NO_CORPORATION_EMPTY,No corporation.,Aucune corporation.,
%%SVC_MSG_NO_PENDING,No pending invitation.,Aucune invitation en attente.,
%%SVC_MSG_NO_ACCOUNTS,No account.,Aucun compte.,
%%SVC_MSG_NO_TRANSACTIONS,No transaction.,Aucune transaction.,
%%SVC_MSG_SELECT_TRANSACTION,Select a transaction to see its detail.,Sélectionne une transaction pour voir son détail.,
%%SVC_MSG_NO_MOVEMENTS,No movement over the period.,Aucun mouvement sur la période.,
%%SVC_MSG_SELECT_MISSION_DETAIL,Select a mission to see its detail.,Sélectionne une mission pour voir son détail.,
%%SVC_MSG_NO_MISSIONS,No mission.,Aucune mission.,
%%SVC_MSG_NO_ASSIGNMENTS,No assigned mission.,Aucune mission assignée.,
%%SVC_MSG_NO_OBJECTIVES,No objective.,Aucun objectif.,
%%SVC_MSG_MISSION_ACCEPTED,Mission accepted.,Mission acceptée.,
%%SVC_MSG_MISSION_ABANDONED,Mission abandoned.,Mission abandonnée.,
%%SVC_MSG_MISSION_COMPLETED,Mission completed.,Mission terminée.,
%%SVC_MSG_NEED_OBJECTIVE_QUANTITY,Enter an objective and a quantity.,Renseigne un objectif et une quantité.,
%%SVC_MSG_PROGRESS_SAVED,Progress saved.,Progression enregistrée.,
%%SVC_MSG_TITLE_OBJECTIVE_REQUIRED,Title and objective required.,Titre et objectif requis.,
%%SVC_MSG_MISSION_CREATED,Mission created (reward in escrow).,Mission créée (récompense sous séquestre).,
%%SVC_MSG_SPEC_VALID,Spec valid.,Spec valide.,
%%SVC_MSG_ZONE_SYSTEM_REQUIRED,A zone needs a system name.,Une zone a besoin d'un nom de système.,
%%SVC_MSG_ZONE_SCENE_REQUIRED,A scene zone needs a scene path.,Une zone scène a besoin d'un chemin de scène.,
%%SVC_MSG_ZONE_AREA_INVALID,A zone area needs x / y / z and a radius.,Une zone aire a besoin de x / y / z et d'un rayon.,
%%SVC_MSG_NO_POSITION,No position known for you.,Aucune position connue pour toi.,
%%SVC_MSG_NO_CATALOG,Catalogue unavailable.,Catalogue indisponible.,
%%SVC_MSG_MISSION_SHARED,Mission shared with your group.,Mission partagée avec ton groupe.,
%%SVC_MSG_SHARE_REMOVED,Group share removed.,Partage de groupe retiré.,
%%SVC_MSG_FILL_CLAUSE,Complete the clause fields.,Renseigne les champs de la clause.,
%%SVC_MSG_OBJECTIVE_CONFIRMED,Objective confirmed.,Objectif confirmé.,
%%SVC_MSG_NO_CREATED,No contract of yours.,Aucun contrat de ta main.,
%%SVC_MSG_NEED_RECIPIENT_AMOUNT,Select a recipient and give an amount.,Sélectionne un destinataire et donne un montant.,
%%SVC_MSG_TRANSFER_SENT,Transfer sent.,Virement envoyé.,
%%SVC_MSG_NEED_TARGET,Select the target.,Sélectionne la cible.,
%%SVC_MSG_REPORT_SENT,Report sent.,Signalement envoyé.,
%%SVC_MSG_NO_REPORTS,No report.,Aucun signalement.,
%%SVC_MSG_SERVICES_UNAVAILABLE,Services unavailable (dedicated server).,Services indisponibles (serveur dédié).,
%%SVC_MSG_NOTHING_TO_TEST,Nothing to test here.,Rien à tester ici.,
%%SVC_MSG_TESTING,Testing the network…,Test du réseau…,
%%SVC_MSG_TEST_DONE,Test finished.,Test terminé.,
%%SVC_MSG_SOME_UNREACHABLE,At least one service is unreachable.,Au moins un service est injoignable.,
%%SVC_MSG_TOKEN_ABSENT,no token — no session nor --token=,token absent — aucune session ni --token=,
%%SVC_MSG_TOKEN_EXPIRED,token expired,token expiré,
%%SVC_MSG_TOKEN_VALID,valid token,token valide,
%%SVC_MSG_TOKEN_VALID_LEFT,valid token (%s left),token valide (%s restant),
%%SVC_MSG_TOKEN_REFUSED,token refused (401) — invalid or expired,token refusé (401) — invalide ou expiré,
%%SVC_MSG_TOKEN_UNKNOWN,token ? (%s),token ? (%s),
%%SVC_FMT_REQUEST_NUM,Request #%d,Demande #%d,
%%SVC_FMT_MET_TIMES,met %d times,croisé %d fois,
%%SVC_FMT_BLOCKED_ON,blocked on %s,bloqué le %s,
%%SVC_FMT_MISSION_COUNT,%d mission(s).,%d mission(s).,
%%SVC_FMT_PREREQ_LINE,%s  (%s),%s  (%s),
%%SVC_FMT_CORP_LINE,%s [%s]  %d member(s)  %s,%s [%s]  %d membre(s)  %s,
%%SVC_FMT_SUGGESTION,%s  encounters %d,%s  rencontres %d,
%%SVC_FMT_BLOCK_LINE,%s  since %s,%s  depuis %s,
%%SVC_FMT_GROUP_MEMBERS,%s  %d/%d members,%s  %d/%d membres,
%%SVC_FMT_GROUP_INVITATION,invited %s,invité le %s,
%%SVC_FMT_SANCTION_EXPIRES,  (until %s),  (jusqu'au %s),
%%SVC_FMT_ASSIGNMENT,%s  reward %s  settled=%s,%s  récompense %s  versée=%s,
%%SVC_FMT_SETTLEMENT,settled=%s skipped=%s reason=%s,regle=%s ignore=%s raison=%s,
%%SVC_FMT_CORP_ACTIVITY,%s  by %s  %s,%s  par %s  %s,
%%SVC_FMT_RANK_LINE,#%s  %s  prio %d%s  %s,#%s  %s  prio %d%s  %s,
%%SVC_FMT_MISSION_DETAIL_TYPE,Type       : %s / %s,Type       : %s / %s,
%%SVC_FMT_MISSION_DETAIL_STATUS,Status     : %s,Statut     : %s,
%%SVC_FMT_MISSION_DETAIL_ISSUER,Issuer     : %s,Émetteur   : %s,
%%SVC_FMT_MISSION_DETAIL_REWARD,Reward     : %s,Récompense : %s,
%%SVC_FMT_MISSION_DETAIL_SLOTS,Slots      : %d,Places     : %d,
%%SVC_FMT_MISSION_DETAIL_ASSIGNMENT,Assignment : %s,Affectation: %s,
%%SVC_FMT_MISSION_DETAIL_ESCROW,Funded by : %s,Financé par : %s,
%%SVC_FMT_MISSION_DETAIL_ZONES,Zones     : %s,Zones     : %s,
%%SVC_FMT_ZONE_SYSTEM,System %s,Système %s,
%%SVC_FMT_ZONE_SCENE,Scene %s,Scène %s,
%%SVC_FMT_ZONE_AREA,Area %s · %d m,Aire %s · %d m,
%%SVC_FMT_TXN_DATE,Created : %s,Émis le : %s,
%%SVC_FMT_TXN_AMOUNT,Amount : %d %s,Montant : %d %s,
%%SVC_FMT_TXN_TAXFEE,Tax / fee : %d / %d,Taxe / frais : %d / %d,
%%SVC_FMT_TXN_FROM,From account : %s,Compte source : %s,
%%SVC_FMT_TXN_TO,To account : %s,Compte de destination : %s,
%%SVC_FMT_TXN_MINE,(mine),(moi),
%%SVC_FMT_TXN_REFERENCE,Reference : %s  caller : %s,Référence : %s  acteur : %s,
%%SVC_FMT_TXN_EXTERNAL,External id : %s,Id externe : %s,
%%SVC_FMT_TXN_DETAILS,Details : %s,Détails : %s,
%%SVC_FMT_NETWORK,Network: %s,Réseau : %s,
%%SVC_FMT_TOKEN,Token: %s,Token : %s,
%%SVC_FMT_TAX, (tax %d), (taxe %d),
%%SVC_FMT_REPUTATION,Reputation %d,Réputation %d,
%%SVC_FMT_CORP_PARENT,Holding company: %s,Holding parente : %s,
%%SVC_FMT_CORP_SUBSIDIARIES,Subsidiaries: %s,Filiales : %s,
%%SVC_MSG_NONE,None,Aucune,
%%SVC_MSG_NEED_CORP_AMOUNT,Select the corporation and give an amount.,Sélectionne la corporation et donne un montant.,
%%SVC_MSG_DONATION_SENT,Donation sent.,Don envoyé.,
%%SVC_HINT_BBCODE,The bio accepts BBCode.,La bio accepte le BBCode.,
%%SVC_LBL_UNKNOWN_MISSION,(unknown mission),(mission inconnue),
%%SVC_APP_INVENTORY,Inventory,Inventaire,
%%SVC_APP_MARKET,Market,Marché,
%%SVC_TAB_MY_INVENTORY,My inventory,Mon inventaire,
%%SVC_TAB_CORP_INVENTORY,Corporation,Corporation,
%%SVC_TAB_CATALOG,Catalogue,Catalogue,
%%SVC_TAB_ORDERS,Orders,Ordres,
%%SVC_TAB_DEMANDS,Demands,Demandes,
%%SVC_TAB_TRADES,Trades,Transactions,
%%SVC_LBL_STACKS,Stacks,Piles,
%%SVC_LBL_INSTANCES,Instances,Instances,
%%SVC_LBL_STACK_DETAIL,Stack detail,Détail de la pile,
%%SVC_LBL_GOOD_TYPE,Good type,Type de bien,
%%SVC_LBL_KIND,Item kind,Type d'objet,
%%SVC_LBL_SIDE,Side,Sens,
%%SVC_HINT_STACK_INSTANCE,Stack = fungible goods · Instance = unique item,Pile = biens fongibles · Instance = objet unique,
%%SVC_LBL_QUANTITY,Quantity,Quantité,
%%SVC_LBL_PRICE,Price,Prix,
%%SVC_LBL_MAX_PRICE,Max price,Prix max,
%%SVC_LBL_CURRENCY,Currency,Devise,
%%SVC_LBL_INSTANCE_ID,Instance id,Id d'instance,
%%SVC_LBL_ORDER_BOOK,Order book,Carnet d'ordres,
%%SVC_LBL_ROLE_DEFAULTS,Role defaults,Salaires de rôle,
%%SVC_LBL_MEMBER_OVERRIDES,Member overrides,Dérogations par membre,
%%SVC_LBL_MEMBER,Member,Membre,
%%SVC_LBL_PRIME,Prime,Prime,
%%SVC_PH_GOOD_TYPE,good type,type de bien,
%%SVC_PH_PRICE,price,prix,
%%SVC_PH_MAX_PRICE,max price,prix max,
%%SVC_PH_UNIT_PRICE,unit price,prix unitaire,
%%SVC_PH_CURRENCY,currency,devise,
%%SVC_PH_INSTANCE_ID,instance id,id d'instance,
%%SVC_PH_ROLE,role,rôle,
%%SVC_ACT_PLACE_ORDER,Place order,Passer l'ordre,
%%SVC_ACT_CANCEL_ORDER,Cancel order,Annuler l'ordre,
%%SVC_ACT_CREATE_DEMAND,Create demand,Créer la demande,
%%SVC_ACT_CANCEL_DEMAND,Cancel demand,Annuler la demande,
%%SVC_ACT_FULFILL,Fulfil,Honorer,
%%SVC_ACT_LOAD_SALARIES,Load salaries,Charger les salaires,
%%SVC_ACT_SET_ROLE_SALARY,Set role salary,Définir le salaire de rôle,
%%SVC_ACT_SET_MEMBER_SALARY,Set member salary,Définir le salaire du membre,
%%SVC_ACT_REMOVE_SALARY,Remove override,Supprimer la dérogation,
%%SVC_ACT_PRIME,Pay prime,Verser la prime,
%%SVC_ACT_PAYROLL,Run payroll,Lancer la paie,
%%SVC_ENUM_ORDER_BUY,Demand (buy),Demande (achat),
%%SVC_ENUM_ORDER_SELL,Offer (sell),Offre (vente),
%%SVC_ENUM_ORDER_OPEN,open,ouvert,
%%SVC_ENUM_ORDER_PARTIALLY_FILLED,partially filled,partiellement rempli,
%%SVC_ENUM_ORDER_FILLED,filled,rempli,
%%SVC_ENUM_ORDER_CANCELLED,cancelled,annulé,
%%SVC_ENUM_ORDER_EXPIRED,expired,expiré,
%%SVC_ENUM_DEMAND_OPEN,open,ouverte,
%%SVC_ENUM_DEMAND_FULFILLED,fulfilled,satisfaite,
%%SVC_ENUM_DEMAND_CANCELLED,cancelled,annulée,
%%SVC_ENUM_DEMAND_EXPIRED,expired,expirée,
%%SVC_ENUM_TRADE_PENDING,pending,en attente,
%%SVC_ENUM_TRADE_SETTLED,settled,réglée,
%%SVC_ENUM_TRADE_CANCELLED,cancelled,annulée,
%%SVC_ENUM_INSTANCE_STORED,stored,stocké,
%%SVC_ENUM_INSTANCE_IN_WORLD,in world,en jeu,
%%SVC_ENUM_HOLDER_PLAYER,player,joueur,
%%SVC_ENUM_HOLDER_NPC,npc,pnj,
%%SVC_ENUM_HOLDER_CORPORATION,corporation,corporation,
%%SVC_ENUM_HOLDER_SYSTEM,system,système,
%%SVC_ENUM_GOOD_STACK,stack,pile,
%%SVC_ENUM_GOOD_INSTANCE,instance,instance,
%%SVC_ENUM_ROLE_LEADER,leader,chef,
%%SVC_ENUM_ROLE_TREASURER,treasurer,trésorier,
%%SVC_ENUM_ROLE_MEMBER,member,membre,
%%SVC_FMT_STACK_VIEW,%s  x%s  (available %s / held %s),%s  x%s  (dispo %s / réservé %s),
%%SVC_FMT_BOOK,Buy %d / Sell %d,Achat %d / Vente %d,
%%SVC_FMT_ORDER,%s #%s  %s  %s/%s @ %s %s  (%s),%s #%s  %s  %s/%s @ %s %s  (%s),
%%SVC_FMT_DEMAND,#%s  %s  x%s  max %s %s  (%s),#%s  %s  x%s  max %s %s  (%s),
%%SVC_FMT_TRADE,#%s  %s  x%s @ %s %s  = %s  (%s),#%s  %s  x%s @ %s %s  = %s  (%s),
%%SVC_FMT_SALARY_ROLE,%s: %s %s  (%s),%s : %s %s  (%s),
%%SVC_FMT_SALARY_MEMBER,%s: %s %s  (%s),%s : %s %s  (%s),
%%SVC_MSG_YES,yes,oui,
%%SVC_MSG_NO,no,non,
%%SVC_MSG_NO_STACKS,No stack.,Aucune pile.,
%%SVC_MSG_NO_INSTANCES,No instance.,Aucune instance.,
%%SVC_MSG_SELECT_STACK,Select a stack.,Sélectionne une pile.,
%%SVC_MSG_NO_CATALOG,No tradable good.,Aucun bien échangeable.,
%%SVC_MSG_NO_ORDERS,No order.,Aucun ordre.,
%%SVC_MSG_NO_DEMANDS,No demand.,Aucune demande.,
%%SVC_MSG_NO_TRADES,No trade.,Aucune transaction.,
%%SVC_MSG_NEED_ORDER_FIELDS,Enter side / good type / quantity / price.,Renseigne le côté / le type de bien / la quantité / le prix.,
%%SVC_MSG_NEED_DEMAND_FIELDS,Enter good type / quantity / max price.,Renseigne le type de bien / la quantité / le prix max.,
%%SVC_MSG_SELECT_ORDER,Select an order.,Sélectionne un ordre.,
%%SVC_MSG_SELECT_DEMAND,Select a demand.,Sélectionne une demande.,
%%SVC_MSG_NEED_UNIT_PRICE,Enter a unit price.,Renseigne un prix unitaire.,
%%SVC_MSG_ORDER_PLACED,Order placed.,Ordre passé.,
%%SVC_MSG_ORDER_CANCELLED,Order cancelled.,Ordre annulé.,
%%SVC_MSG_DEMAND_CREATED,Demand created.,Demande créée.,
%%SVC_MSG_DEMAND_CANCELLED,Demand cancelled.,Demande annulée.,
%%SVC_MSG_DEMAND_FULFILLED,Demand fulfilled.,Demande honorée.,
%%SVC_MSG_SALARY_ROLE_SET,Role salary set.,Salaire de rôle défini.,
%%SVC_MSG_SALARY_MEMBER_SET,Member salary set.,Salaire du membre défini.,
%%SVC_MSG_SALARY_REMOVED,Override removed.,Dérogation supprimée.,
%%SVC_MSG_PRIME_SENT,Prime paid.,Prime versée.,
%%SVC_MSG_PAYROLL_DONE,Payroll done.,Paie effectuée.,
%%SVC_MSG_NEED_SALARY_FIELDS,Select a corporation and a role or member, and give an amount.,Sélectionne une corporation et un rôle ou un membre, et donne un montant.,
%%SVC_MSG_NO_SALARIES,No salary.,Aucun salaire.,
%%SVC_APP_POIS,Points of interest,Points d'intérêt,
%%SVC_TAB_MY_POIS,My POIs,Mes POI,
%%SVC_TAB_CORP_POIS,Corporation,Corporation,
%%SVC_TAB_TAXES,Taxes,Impôts,
%%SVC_LBL_SHARES,Grants,Autorisations,
%%SVC_LBL_TAX_DEBTS,Tax debts,Dettes fiscales,
%%SVC_LBL_PERMISSIONS,Permissions,Droits,
%%SVC_LBL_OWNER_ME,Me,Moi,
%%SVC_ACT_NEW_POI,Blank form,Formulaire vierge,
%%SVC_ACT_CREATE_POI,Create POI,Créer un POI,
%%SVC_ACT_DELETE_POI,Delete,Supprimer,
%%SVC_ACT_EDIT,Edit,Modifier,
%%SVC_ACT_GRANT,Grant access,Accorder l'accès,
%%SVC_ACT_REVOKE,Revoke,Révoquer,
%%SVC_ACT_PAY_TAXES,Pay taxes,Payer les impôts,
%%SVC_ACT_APPLY_PERMISSIONS,Apply permissions,Appliquer les droits,
%%SVC_PH_POI_NAME,Name,Nom,
%%SVC_PH_POI_DESCRIPTION,Description,Description,
%%SVC_ENUM_POI_PRIVATE,Private,Privé,
%%SVC_ENUM_POI_PUBLIC,Public,Public,
%%SVC_ENUM_TAX_CORPORATE,Corporate tax,Impôt sur les sociétés,
%%SVC_ENUM_TAX_INCOME,Income tax,Impôt sur le revenu,
%%SVC_ENUM_TAX_DUE,Due,Dû,
%%SVC_ENUM_TAX_PAID,Paid,Payé,
%%SVC_ENUM_TAX_CANCELLED,Cancelled,Annulé,
%%SVC_FMT_TAX_PAYMENT,Paid %d — %d still due,%d payés — %d encore dus,
%%SVC_MSG_SELECT_POI,Select a point of interest.,Sélectionne un point d'intérêt.,
%%SVC_MSG_SELECT_GRANT,Select a grant.,Sélectionne une autorisation.,
%%SVC_MSG_NO_POIS,No point of interest.,Aucun point d'intérêt.,
%%SVC_MSG_POI_NAME_REQUIRED,A name is required.,Un nom est requis.,
%%SVC_MSG_POI_COORDINATES,"Give x, y and z as numbers.","Donne x, y et z sous forme de nombres.",
%%SVC_MSG_POI_CREATED,Point of interest created.,Point d'intérêt créé.,
%%SVC_MSG_POI_UPDATED,Point of interest updated.,Point d'intérêt mis à jour.,
%%SVC_MSG_POI_DELETED,Point of interest deleted.,Point d'intérêt supprimé.,
%%SVC_MSG_POI_SHARED,Read-only access granted.,Accès en lecture accordé.,
%%SVC_MSG_POI_UNSHARED,Grant revoked.,Autorisation révoquée.,
%%SVC_MSG_POI_TRANSFERRED,Ownership transferred.,Propriété transférée.,
%%SVC_MSG_NO_TAXES,No tax debt.,Aucune dette fiscale.,
%%SVC_MSG_TAXES_PAID,Taxes paid.,Impôts payés.,
%%SVC_MSG_NO_PERMISSIONS,No permission available.,Aucun droit disponible.,
%%SVC_MSG_PERMISSIONS_SAVED,Permissions updated.,Droits mis à jour.,
%%PG_STATUS,Page %s of %s · %s items,Page %s sur %s · %s éléments,
%%PG_FIRST,‹‹,‹‹,
%%PG_PREV,‹,‹,
%%PG_NEXT,›,›,
%%PG_LAST,››,››,
%%SVC_MSG_MORE_RESULTS,+ %s more,+ %s de plus,
%%SVC_NAV_HOME,Home,Accueil,
%%SVC_NAV_PROFILE,Profile,Profil,
%%SVC_NAV_ECONOMY,Economy,Économie,
%%SVC_NAV_INVENTORY,Inventory,Inventaire,
%%SVC_NAV_MISSIONS,Missions,Missions,
%%SVC_NAV_NAVIGATION,Navigation,Navigation,
%%SVC_NAV_SOCIAL,Social,Social,
%%SVC_NAV_SYSTEM,System,Système,
%%SVC_NAV_PLUS,More,Plus,
%%SVC_FMT_VERSION,Version %s,Version %s,
